2025-07-17 03:50:48,8.964829216828,9.03370719082,8.952808492376,8.813389987597,8.984637112477,8.759132175371,8.757017473067,8.795314935928,8.813950122692,9.038600491571,8.961791160903,8.878016711032,8.856322535068,8.984892577032,9.017768804102,8.767672253691
2025-07-17 09:36:07,8.975360513099,8.825797590964,8.808029353734,8.797615379961,8.883224085327,9.034332704567,8.992291481427,8.826820807793,9.038714729525,8.880223376956,8.940719665255,8.766136625778,8.989273709674,9.007896353527,8.908100963645,8.835174615416
2025-07-17 15:26:38,8.873649035316,8.983370385538,9.025077877264,8.844309704469,8.944194207457,8.906576772078,8.992910508044,8.94251754201,8.761798082287,8.912409245866,8.907086124543,8.768956130927,8.907102029486,8.921737256545,8.923206859121,8.852255429464
2025-07-17 20:39:22,8.766446470806,8.906379178726,8.92422515102,9.009987527611,8.848048969478,8.922434473221,9.044929328002,8.812400580306,8.762952228992,9.016972949063,8.975315889199,8.782345509015,8.985742075775,8.902110832955,8.937376941009,8.964904826703
2025-07-17 23:12:53,8.783950963423,8.826269817463,8.948208709833,8.926977456357,8.91450533879,8.946742778767,8.767476886052,8.868204314446,8.811564728886,8.891467427281,8.886905515258,8.827260493116,9.012712085996,8.935140589724,8.874127049721,8.857453040945
2025-07-18 07:18:01,9.020880442582,8.901107291693,8.92801747619,8.821749379224,8.836441611142,8.911774937183,8.754248705294,8.904874297477,8.947929867628,8.78432554344,8.919743308828,9.025908583008,8.75276113748,8.862964324314,9.021650266867,8.870960101802
2025-07-18 09:56:42,9.005290176056,8.750238755289,8.777790020487,8.750306563676,8.915710982611,9.007221147105,8.827149094036,8.933232742695,8.961499682631,9.026187002653,8.765993378936,8.81390710507,9.014636115846,8.972084503777,8.924614812914,9.035524592363
2025-07-18 12:29:15,9.003089512858,9.045983554782,8.950188403074,8.848384972825,8.780361779484,9.005264629796,9.014796447107,9.046552723308,8.808544612946,8.916117478631,8.81628643801,8.831205099422,8.962750118728,8.877771577531,9.048823415306,8.972992308159
2025-07-18 13:10:33,8.842553993476,9.025250681648,8.87343538334,8.96438261237,8.766656199146,9.014981013437,8.914626193509,8.810671127025,8.992402849427,8.814625058873,8.932073287935,8.811811098106,8.827937854724,9.020632187602,9.000562076827,8.996421075631
2025-07-18 16:18:40,8.916653728114,8.882175456812,8.900687165223,8.975030206034,8.902770821248,8.956147954767,8.91699631823,8.837250781574,8.858525292414,8.828130243296,9.022652198345,8.943625072907,9.007957351725,8.84016741233,8.981097273172,8.90279213674
2025-07-19 08:33:26,8.77358625813,8.78652001271,8.802312354149,8.966279909634,8.996991505896,8.932213085986,8.852111739715,9.03788150061,8.832271207067,8.904486451509,8.908229022646,8.852311292463,9.039981454665,8.841759761563,8.984096881591,8.905778370133
2025-07-19 13:42:56,9.025784498153,8.759803930226,8.862369534681,8.994736882187,8.758331134495,8.891002679034,8.89356516884,8.910330829765,8.911873715365,8.853594004698,8.858577554693,9.046529340294,8.957434246861,8.82104787837,8.802801752236,8.945069208017
2025-07-19 16:43:03,8.921923785909,8.937517295703,8.911382427413,8.941782622435,9.04256578067,8.779503569877,9.013321644699,9.044524394885,9.002424865634,8.769612865878,8.927090966906,9.039841671725,8.819614985671,8.894461905875,8.841513845128,8.971216140078
2025-07-19 19:06:19,8.784055351108,8.86826330115,8.771917839148,8.757172162815,8.780811185699,8.843560489082,9.027090061934,9.006915627139,9.01681175762,8.796557818276,8.98610427342,8.985516056937,8.939023260477,8.964298761541,9.04985882315,8.940242397222
2025-07-19 19:51:42,8.979016810457,9.015935630946,9.025119900644,8.791182984093,8.992650963148,9.047991534674,8.901107096104,8.946278950253,8.889998573896,8.892686264574,8.818185380619,8.92516579819,8.956005865103,8.909362336615,8.868595556702,8.838818276656
2025-07-20 08:55:40,8.92691616956,8.759774018033,8.807967805626,8.770486828497,9.047855391224,8.918789375511,8.873985963553,8.798849076646,8.853531686405,8.905902434398,9.019738115881,9.020300310113,8.960092101946,8.791065794677,9.012476858034,9.003098961839
2025-07-20 09:01:12,8.895324408573,8.962658236695,9.002775548997,8.907232696613,8.936769687284,8.959896009588,8.989999599912,8.871004219783,8.750905575473,8.863092728816,8.768910706498,8.842162651849,8.854900124143,8.985361677383,8.995065003825,9.03222512753
2025-07-20 12:36:19,8.754932492752,8.815735170442,8.778412803402,8.993036019913,8.973592201248,8.801775243648,8.754542479366,9.037160815582,8.801013573952,8.783028229792,8.931629588529,8.838796179519,8.868166857482,8.983038759722,8.764531119966,9.048891497196
2025-07-20 15:16:33,8.993070592121,8.869475020465,9.01538663457,8.782491907394,8.976407191652,8.919732593692,9.028304311169,8.820074188886,8.936284664748,8.810903553599,8.800525393905,8.965687403058,8.967162102219,8.880695188137,8.965467418676,8.797935261867
2025-07-20 17:35:13,9.015846541503,8.83669847116,8.850185782799,8.798345438563,8.804021641923,8.834531931724,8.956988028991,8.777038417027,8.830307755922,8.887314247242,8.96538772128,8.88965378577,8.995603250093,8.799092898367,8.768691956353,9.03553212021
2025-07-21 12:58:25,8.867029578164,9.002792309339,8.81858754378,8.88665757802,8.875754723368,8.944440831782,8.751270325352,8.955982567397,8.908133413483,8.85639472216,8.822152224618,8.763665287048,8.805936169495,8.925813676771,8.790553370721,9.026623626106
2025-07-21 17:03:20,8.758481126475,8.869055765395,9.023296251357,9.02479157509,8.794884342425,8.889078667886,8.981505616592,8.975415492851,8.912831405314,8.987313272411,8.942690836735,8.775803073751,8.901941318135,8.800188701189,8.776798034687,9.002638647238
2025-07-21 17:11:23,8.790533921897,9.045812216574,8.856150122069,8.76780615663,9.045725914636,8.999915823478,8.907031637402,8.760469904806,8.938924092225,8.800209762726,9.008922813586,8.790058707637,8.754440177297,8.915657493218,9.043395574349,8.879475428155
2025-07-21 19:28:01,8.980982975672,8.755882577294,8.842090516757,8.960796432118,8.782251205043,8.860377675755,8.994652938529,8.985740593781,8.889364365662,8.852285219784,8.91994613645,8.809886648604,8.943101849863,8.942830261049,8.898010367654,8.789165522842
2025-07-21 23:57:14,8.906790854321,8.904433107574,8.931671439513,8.770099753239,8.75222404923,8.786517392232,8.770401128871,8.966806231965,8.952109806307,8.771885456205,8.785337275548,8.87911886409,8.931026033735,8.8434246216,9.034120129129,8.99785885571
2025-07-22 00:53:51,8.900218255835,8.800565413937,8.952697294418,8.829581851304,9.006729354719,8.964387960246,8.872652043141,8.970904954453,8.833305344462,8.76105324345,8.978172704699,8.791360602597,9.001043883841,8.89787651159,8.813853233901,8.999160119424
2025-07-22 07:17:25,8.827422964067,8.777776230223,9.024847220935,8.818227808289,9.005000038678,8.916442832117,8.854937636045,8.901421428617,8.986626677548,8.962069557431,8.901774204382,8.906734296315,8.992176761958,8.841189298207,8.87816847852,8.766243908403
2025-07-22 09:16:31,8.904558648788,8.829521577254,8.884542532282,8.775348084379,8.840635280795,8.785468243549,8.801534937544,8.754942540698,8.872197350551,8.874025898295,9.010991781021,8.940659919301,8.983801592426,8.887619716937,8.929748851753,8.832726611236
2025-07-22 18:17:10,9.0424320452,9.030729236787,8.75453488192,8.876333834689,9.001930601529,9.006323591034,8.861285312407,8.972599469868,8.890338669599,8.812375071505,8.96895515251,9.004768421198,8.993175732794,8.82999614679,8.889301270993,8.856313649009
2025-07-22 21:03:29,8.872531310974,8.907607054209,9.025113227983,9.023560644341,8.983035749937,9.040852809727,8.803998937007,8.921236958364,8.858585037668,8.817030990723,8.958122751048,8.94131989144,8.945148273407,8.921365257536,8.753920205867,9.041523963873
2025-07-23 02:37:28,8.805866673736,8.982523628776,8.874145281953,8.8768861834,8.899555084651,8.849260590271,9.005496452061,8.912199087246,8.771069496959,8.895190280279,8.912749923196,8.777555918352,8.904004984108,8.772453368184,9.01105970668,8.84835187272
2025-07-23 03:00:06,8.8968051352,8.752737005774,8.940975646334,8.910429845887,8.761549058846,8.796550424139,8.907564206577,8.829177884685,9.004631428462,8.957770633684,8.999788735169,8.816821260672,8.923859674146,8.825668427032,8.940567156568,8.935333780259
2025-07-23 04:15:52,8.82714110151,8.756685783319,8.8647825005,8.897893478605,8.918383337963,8.759878486573,8.770769635949,8.947251845558,8.910299572314,8.867332877555,8.750715582978,8.869376413161,8.809174509558,8.813620653338,8.891602812954,8.895361977633
2025-07-23 04:42:44,8.966214294631,8.791319085349,8.768409550171,8.820871622999,8.865480816072,8.889635482043,8.935898458167,8.822888384949,8.958823368219,8.767238061411,8.801295785987,9.036460724411,8.855947402304,8.940077338182,8.933248103318,8.822696933461
2025-07-23 05:13:52,8.973686232923,8.862308811061,8.898338971474,8.941588678012,8.800718413292,8.933234979044,8.78526227715,8.83525172141,9.043746508342,8.85853868591,8.934633285908,8.962915098359,8.918589346568,8.880725597795,8.783022188197,8.971835359333
2025-07-24 01:32:37,8.821634201479,9.011064313849,8.948748026256,9.037058333033,9.025565599334,9.034535631144,8.908277892123,8.974836227126,8.772552716602,8.911669346969,8.950344572597,8.859467301592,8.816671617504,8.898401304314,9.047746713113,8.788184692848
2025-07-24 06:00:41,8.872789492008,8.761619031544,8.783906380809,8.944835496571,8.892833606441,8.791960159767,8.940488256279,8.935501060651,8.997272335386,8.855998853649,8.864055770457,8.946169032259,8.930963441271,8.994764216419,8.866014630073,8.985562591715
2025-07-24 18:48:28,8.781482461105,8.999563734882,8.857902462284,8.962754968724,8.903774624431,8.861119740311,8.96520005831,8.940686736973,8.989358747462,8.846818888794,8.923197415302,8.937752794374,8.880394256006,8.920660010888,8.834379667683,8.853467949593
2025-07-24 20:06:49,8.955398734568,8.967633566144,8.931918775894,8.862137251001,8.884206759924,8.778421729751,9.007167892808,8.81006200458,8.968738019258,8.851582300565,8.938870026745,8.803785508356,8.750125361965,8.769729959642,9.034652578331,8.877510129161
2025-07-24 23:21:25,8.808850663599,8.858361238605,8.831676526374,9.038146038288,8.937753560316,8.992654813742,8.850745457706,9.004647733354,8.826958419457,8.854823054843,8.886817124594,8.961800433078,9.012105003029,8.820401107763,8.807577148679,9.031927474393
2025-07-25 03:51:41,8.878893030663,9.035378741,8.96284737712,8.829444994383,8.97133171561,9.013960358898,8.790782128005,8.943752795143,8.844541720619,8.891613678662,8.765856633157,8.776937410899,8.893265895884,8.791753923473,8.987032460127,8.863116228407
2025-07-25 12:57:26,8.772561828869,8.756546931025,8.789024413421,8.757866299775,8.802916296664,8.782344414706,8.992155572451,8.922125443426,8.86493767534,8.961134308845,8.945101360833,8.770598804075,8.886739421727,8.757188177101,9.019621079368,8.829543905321
2025-07-25 18:58:22,8.896435622809,9.036340110646,9.043293019975,8.799139619975,8.826010258636,8.887762424444,8.844230222446,9.023239213505,8.93610031911,9.010285876154,8.914139918081,9.037893008383,9.034259691726,8.967086214944,8.972490195016,8.967013945876
2025-07-25 19:19:36,8.934670174839,8.896311943229,8.767951271511,8.989378471418,8.876646907996,9.015695403863,8.968464968989,8.829729172478,8.798667945731,8.772783599037,8.801733103532,8.771586395071,8.900948696377,8.981047790647,8.884526506855,8.873962767195
2025-07-25 20:39:57,8.946248541244,8.867296303064,8.767709517018,8.961764447114,8.761409315787,8.929359932079,8.803624849067,8.802470427851,9.019669022794,8.916126683444,8.87855432705,8.768071352949,8.853386340961,8.909283256785,8.939696380941,8.838136211784
2025-07-26 02:26:00,8.994538399639,8.810732778209,8.951353408142,8.868323170593,8.926899134572,8.810298590876,9.020073715735,9.023110853505,8.909291847033,8.758298869613,8.915909104989,8.767245181196,8.892854860738,9.043535024672,8.75034394708,9.002663554478
2025-07-26 02:44:45,8.990809284175,9.041497679875,8.959561703744,9.035034106783,8.9059710878,8.830757041694,8.931107489767,8.758361120021,8.931698744056,9.039502384716,8.951095061106,8.783543533545,8.785125491016,8.902256117106,9.004675064707,8.921379264648
2025-07-26 03:44:31,8.862125725842,8.801466105225,8.998626454866,8.912901437108,8.785767279774,8.760519208285,8.823585517009,8.90533244859,9.042842195417,8.957501117418,8.925740935882,8.970762428241,8.948851123245,8.967413997744,8.864521147634,8.830123842067
2025-07-26 07:41:02,8.99697519773,8.792393570909,8.988977656397,8.898556446018,8.763689564717,8.805505211061,8.822434633323,9.029825690903,8.971434976005,8.898455071868,8.980855397822,9.004798664289,8.999031740695,8.992150093738,8.866294116184,8.850257575141
2025-07-26 16:54:21,8.80585198151,8.912135749334,8.83597865924,9.010029534519,8.781079816607,9.033019455928,8.903825415165,8.775610797754,8.776252202577,8.913671967548,8.935267870942,9.009236470876,8.964335977293,8.787537902073,8.815564061546,8.952989727298
2025-07-27 06:51:58,8.789088286837,8.920822577372,8.781803959071,8.988235435182,8.865340511218,9.011853553822,8.765478852757,8.796547900165,8.955307599903,8.783806758277,8.810113942782,9.002319486967,8.924553554202,9.02974772617,8.905517855588,8.926446189697
2025-07-27 07:08:15,8.821165481166,8.803082211569,8.77038623204,9.006676752658,8.970771420247,9.000296498308,8.905683094139,8.82284475336,8.89937736599,8.831041382155,8.915057018283,8.803135669455,8.904103243621,8.968384068464,8.777567071585,8.891243908807
2025-07-27 11:33:27,8.849115303642,8.960582615681,8.84102416747,8.75406888181,8.937141276761,8.918878548376,8.889355140872,8.844863964859,8.985075499236,8.92566374097,8.947144119814,8.780158771467,8.991019893706,8.798811932861,8.935298869487,8.998986918497
2025-07-27 13:11:06,8.761361578967,9.0298492076,8.872300619727,8.853187666164,8.814869077795,8.825821452932,8.906131832857,9.022696528663,8.802496188617,9.043344411687,8.979186588592,9.022910934906,8.908800953485,8.876427862037,9.016735339648,8.972128792002
2025-07-27 20:38:46,8.77940222879,8.981686956224,9.045078996434,8.948488978159,8.833684737349,8.762777397141,8.753006597284,8.851724848642,8.994300945252,8.961022408124,8.866768680178,9.007080647389,8.991452700499,9.031538998272,8.891849880687,9.015592777911
2025-07-28 04:43:05,8.996674311349,8.843324497172,8.931339179988,8.871004856575,8.932758743143,8.995097284198,8.751923896288,8.995773007461,8.993655355641,9.043012866514,9.015936099311,8.811624854637,8.979855948122,8.811055131416,8.908099146586,8.750008517841
2025-07-28 08:07:10,8.750708763345,8.907112076614,9.025810785206,9.022794610071,8.860257094269,9.001890484357,8.952861638933,8.888183795359,8.854249492202,8.828411969241,8.977305592913,8.906623146361,8.878108430909,8.897618742991,8.754038219887,8.772259425624
2025-07-28 09:14:52,8.920595255092,8.947952361781,8.7880146213,8.96479442472,8.938819870291,9.024562431841,8.769929206054,8.792693485848,8.774625602847,8.760538168361,8.784202391481,8.963905693356,8.753568705188,8.858513896896,8.887525825091,8.920641279067
2025-07-28 17:23:34,8.861904388829,8.833074508753,8.902359645353,9.042493456098,8.914532378726,8.925596366231,9.008026564266,8.835199776496,8.995269227271,8.901208176521,8.973663602481,8.97397679808,8.797451364279,8.766493775891,9.033915622072,8.982135649866
2025-07-28 20:56:41,9.03698650394,8.934834029147,8.911185889101,8.757421244053,8.855278056101,8.831043939697,9.044841546324,8.98730951288,8.79924813107,8.803900608362,8.911582035599,8.989210374473,8.770899992164,8.911005393564,8.930669850639,9.011380115858
2025-07-29 09:36:41,8.846509737102,8.971235409826,8.902413464743,8.813088854537,8.935184825421,8.946708631784,9.041064943615,9.024729130944,9.04379499687,8.761256680371,8.838431826569,8.775758526532,8.79535434713,8.901645469368,9.020740633521,8.920047080697
2025-07-29 11:52:02,8.928147113983,8.887574538241,8.942293517019,8.896721247049,9.000574970928,8.881887310706,8.927639133173,9.012718875341,8.864074287421,8.941132663701,8.938312875602,8.811919636314,8.890555087336,8.957299348507,8.907939954546,8.846090689322
2025-07-29 14:13:55,8.837377453061,8.77003063894,8.994942276298,8.914207850795,8.794830378729,8.788514401857,8.88255876485,9.021009958683,8.900762562259,8.918188908469,9.035858753844,8.810444957253,8.923742998884,9.022419526197,8.974059252577,8.908828513454
2025-07-29 17:28:47,8.881909439348,8.773274873794,8.829003125176,9.049568964328,9.040739729783,8.949161661401,8.869693415876,8.87060487529,8.761111374162,8.949359679256,8.846268988252,8.980182574978,8.823704035242,8.818169851626,8.93291738571,9.007749888455
2025-07-29 17:58:08,8.767465343055,8.935102004414,8.786591612041,8.780332212512,8.876924460494,9.024481764919,8.905486602485,8.899979959618,9.007220737649,9.032867263036,8.865148397297,8.821622205619,9.00740994059,9.014333888322,8.914212359931,8.909378782029
2025-07-30 01:15:06,8.82321590347,9.029022903023,8.85648412185,8.775530429354,8.901894845558,8.901357891903,8.927619367864,8.988066494404,8.982834044544,8.996606616652,9.023386797979,8.974250930958,8.759007621146,8.998863189768,9.018831883622,9.041036560535
2025-07-30 10:04:01,9.012180004705,8.903035941953,8.980824211317,8.810900381393,9.00417175026,8.840964160797,8.876586310521,8.902625117624,9.035353464809,8.818545051983,8.915903719139,8.850982909597,8.774886022203,8.876706988066,8.816779283121,8.945744985228
2025-07-30 12:38:38,8.835813211348,9.026054940435,9.045100961008,8.825447143205,8.873386520338,8.763169204816,8.868983270561,9.012340898362,8.927010485017,8.824395530454,8.793843602705,8.805371536151,8.861136542203,8.919526863767,8.769117686339,8.879858335051
2025-07-30 14:08:46,8.790865338717,8.939006024058,8.923028979321,8.772416902666,8.926232958796,8.937991736301,8.837924788996,8.806858186718,8.812462170668,8.906647355835,8.982147049018,9.049798114157,8.85378063825,8.908261291852,8.862343890133,8.968952883241
2025-07-30 15:14:46,9.019657647865,9.010549283962,8.797533650207,8.827268643511,8.751748438164,9.037848271862,8.913473962907,8.872295183802,9.022668595878,8.782907510135,9.01212365398,8.810488987991,8.892417507574,8.944890543369,8.942420178449,8.854773624661
2025-07-31 02:18:26,8.829655878282,9.016729840706,8.949926650755,8.99825934225,8.78131956628,8.840363416254,9.040169926221,9.003239136284,8.804616606494,8.942829666266,8.853304647716,8.975603259464,9.026525350059,8.961591855242,9.03814249687,8.790892253597
2025-07-31 02:41:38,8.913732114608,8.796033097515,8.81302524886,8.904065760282,9.00785005247,9.034754530555,8.893610202814,8.985393230256,8.844830726827,8.907953399262,8.825530056771,8.883386367257,8.754064300741,8.821850750701,8.792709254251,8.9552388379
2025-07-31 10:20:31,9.046966671559,8.78574802024,8.831656351684,8.913673457435,8.890553348467,9.003818307388,8.830117413067,8.864261422433,8.927222762345,9.039618620772,9.020051988896,8.764202706433,8.92278392748,8.774806975544,8.92272505372,8.913219261338
2025-07-31 13:08:24,8.854240052103,8.988797161235,8.89129848747,8.900694039261,8.92638238328,8.906822004514,8.842618720379,8.782094693574,9.030186849756,8.916817950941,8.95687604827,8.834353278621,8.84546589287,9.007974151837,8.770719933135,8.809833492666
2025-07-31 21:10:42,8.803329875415,8.765369943687,8.898959823758,8.807716514279,8.89276976693,8.83476907447,8.88393653012,8.992606878322,8.917005856657,8.785092567535,9.036934854882,9.023835705517,8.849014902253,8.956369850585,8.876810384228,8.887404485379
2025-08-01 01:12:06,8.843153972684,8.796766055428,8.857768603672,8.981189347009,8.986614549335,8.949944445803,8.868988576597,8.757852266296,8.96362192298,9.00790586534,8.855072146246,8.851468813427,8.990270957433,8.823640875284,8.880980334178,8.850164341774
2025-08-01 07:37:46,8.923347778797,8.784549100968,8.940898553157,8.770351540862,8.931702066819,8.889836711158,8.949699726859,9.026817990464,9.016141176979,8.973746452796,8.79085950363,9.006063936447,8.858295587157,8.837818275244,8.802042519525,8.764515052801
2025-08-01 08:18:25,8.803943773394,8.81376755875,8.835825219096,8.972346178267,8.889677890867,8.787315460748,8.767075094663,8.833056333775,9.020604173474,8.785611342768,8.998381805365,8.827641749232,8.825036445252,8.828045563757,8.75287509564,8.89380182898
2025-08-01 09:52:37,8.869379595656,8.974398550174,8.774560877541,8.785672509904,8.83489209824,8.78756565277,8.903939897289,9.026280196037,8.859663842529,8.995729991272,8.890021356728,8.882913582197,8.966115190208,9.047564083397,8.851454965578,9.003676653521
2025-08-01 22:01:16,8.91113139231,9.01313689348,8.872617574472,8.858735866241,9.017461864429,9.030439145779,8.762751093906,8.925608653897,8.752588321885,8.880372691753,8.808872927657,8.837062449658,8.799630726054,8.890474275212,8.981694480455,9.049699835788
2025-08-02 02:48:40,8.893013866088,8.918641097304,8.87174606482,9.039673740756,9.047370444699,8.75597977006,8.758642040833,8.772441815532,8.976854524228,8.838586627523,8.839369852194,8.795786833522,8.755290399825,9.017139602913,8.827238219098,8.795558484722
2025-08-02 03:55:48,8.817097766668,9.039413656053,9.027653587417,8.99154123575,9.02833969877,8.844808750261,8.863080178153,9.037638612181,8.810550956376,8.853659148839,8.936375794111,8.919623407469,8.758038933583,8.88516831882,8.949301128363,8.758517096419
2025-08-02 08:08:57,9.02381008429,8.777335356239,8.93181344731,8.919973694598,9.006416014111,8.912051097609,8.952085306885,8.950597152954,8.814350247094,8.833711991762,8.85284543486,8.9011798028,9.039075146425,8.78025939921,8.908624061955,9.012855255266
2025-08-02 14:45:49,8.953935387979,8.805890931519,8.82670274533,8.816430642715,9.024050292279,8.963887299431,8.809451013405,8.993293565731,8.996893863403,8.785029745859,8.974809049433,8.876728393878,8.983229875085,8.949446392081,8.938768029869,8.882816929778
2025-08-02 20:58:53,9.034697794095,8.767229892751,9.014027179459,8.835161498964,8.913615237175,8.932815299115,8.755448718314,8.764484393873,9.046156830066,8.887065505636,8.850087121086,8.899729565484,8.998428927198,8.928757987033,8.894412557414,8.79664830637
2025-08-03 09:55:22,8.954963082615,8.847644677723,8.878242418232,8.948562033015,8.78798043924,8.996392497627,9.039132980223,9.04668736165,8.917082317514,8.766253329662,8.829430823457,8.977091893027,8.830309635705,8.800316060343,8.881783197708,8.815604761796
2025-08-03 15:03:31,8.896107435793,8.846041744376,8.809179473052,8.752730056755,8.786642710724,8.912785105444,9.044487177237,8.970718483029,8.99609320482,8.942417969551,8.874427218406,8.918796269495,8.942130301538,8.917366136621,8.941313668705,8.833167535429
2025-08-03 18:48:06,8.984416330846,8.968645388021,9.027569527834,9.03703515234,8.996255244545,8.988520970085,8.907620184827,8.895961300787,8.765344240722,8.810600110072,9.032398905023,9.037298950274,8.866459858484,8.952894456604,8.976856453793,9.046913308615
2025-08-03 21:56:30,8.820529910778,8.90706880864,8.837572514995,8.897551133206,8.97427246625,8.833692524221,8.799152333387,8.79368846477,8.82679274296,8.950911468003,8.881375791869,8.799935276807,9.026565827233,8.838295183566,8.855570783888,8.948436910937
2025-08-03 23:52:40,8.812209754837,8.776439609911,8.76051138543,8.811815906958,9.023883181443,8.766981453091,8.94490643339,8.964613197098,8.812031474604,8.828299081614,8.7932908462,8.922280892345,8.881013077323,8.914670968152,8.972370300879,9.018227644292
2025-08-04 01:03:14,8.97067195986,9.025256322651,8.786334365069,8.90968274526,8.758262838654,8.808334091782,8.86823629861,8.831179455272,8.875104398442,8.951889881756,8.948076359932,8.751748067238,8.86548408981,8.957996556628,8.815217077922,8.910697686557
2025-08-04 02:38:37,8.815438273124,8.774876600763,8.969598483843,8.754913215104,9.004096945863,8.830969069306,8.945481468293,8.930934195164,8.847447484651,8.84783284392,8.904788230903,8.987439943011,9.031597253131,8.797325436617,8.76813451748,9.00381833651
2025-08-04 07:36:43,8.802827698613,8.944848750637,8.85054374012,8.925958916948,8.993118512277,8.861494591532,8.967569123589,9.020080006381,8.762311607559,8.814096734791,8.913457630164,8.839207922363,8.988447760916,8.900746292295,8.986760648477,8.826392323892
2025-08-04 08:53:04,8.945826546328,8.769370493544,8.87633524616,8.843729535062,8.880049860852,8.839970036859,8.769728228565,8.811370445105,8.894844978453,8.794838816448,8.826853808445,8.987057860699,8.877966822187,9.019704745413,8.772283477464,8.780269937886
2025-08-04 11:43:21,8.764359224659,8.968432935158,8.77988807678,8.771191487814,8.940276989865,8.877374066881,8.965444677699,9.048554780348,9.035707870757,8.877430164815,8.786777796711,8.774461520759,9.018729235369,8.789932775148,8.985581357324,8.992946225413
2025-08-05 01:04:32,8.778083824091,8.98286195135,8.91734893861,8.959256537081,8.878243050306,8.767869231858,8.83999506409,8.99470953837,8.973071468876,8.898732527497,9.026124943364,8.918894227499,8.757995331749,9.018200993481,8.859016863273,8.838087240349
2025-08-05 06:17:52,9.012446281487,8.807811458926,8.834322004589,9.043700844611,9.023856183192,8.960023931125,8.784491645482,9.016538657471,8.828036973516,8.844976493608,8.818493756441,9.024469632877,8.825065081528,8.817597191868,8.811867197347,8.851840438677
2025-08-05 17:33:32,8.884663481972,8.753622546584,8.804797617568,8.932855749155,8.754275041916,8.978369092285,8.955715613176,9.037764000291,8.822069788449,8.995371502161,8.896698122533,8.80496525594,8.834737038516,9.003566815778,8.910909341719,8.8307128716
2025-08-05 19:04:37,8.901466180925,8.971245191104,9.003871836237,9.020348284752,9.022279161814,8.931519451535,8.981551381815,8.971082074568,8.77232328943,8.788288762071,8.873772315949,8.949195206217,8.818703374133,8.804329442085,8.989659937342,9.038683178659
2025-08-05 23:41:18,9.015918194265,8.980164726272,8.951312656413,8.844996974538,8.813432925912,8.774087445403,9.014485677916,8.763641231348,8.797278750064,8.8915769549,8.971794711603,8.88651079631,9.037567917811,8.862396760646,9.020572364243,8.980311784634
2025-08-06 12:22:05,8.784846516728,9.008047239572,8.930429870214,8.989129946193,8.767968111102,8.802447410449,8.763585305468,8.806258382445,8.764762410884,9.044217728677,8.938481217945,9.04983565467,8.813617383694,8.898437410936,8.965498409892,8.772942073521
2025-08-06 14:32:19,8.879721874351,8.869298633568,8.958104822649,8.843746556079,8.996650993582,8.808816561292,8.771638212351,8.812431462586,9.024690912061,9.019039402501,9.006285002159,8.953263315019,8.926682093133,8.785106283383,8.802089812549,8.860511425089
2025-08-06 15:40:14,8.925773191004,8.978803350602,8.766171546887,8.894428651069,8.814736676981,9.016576222327,8.785862938183,9.021277970468,8.753201400674,8.999210384487,8.981652929141,8.863925292121,8.933413034245,8.872913363943,8.859951641433,8.895464107499
2025-08-06 17:02:08,8.790640872925,9.01987167351,8.777405478935,8.958937326411,8.774166731563,8.952539688179,8.810846245894,8.996280468746,8.828661873904,8.969269035412,9.03256816126,8.9627427303,8.97188489394,8.849107733762,8.971000158614,8.846401519391
2025-08-06 20:20:14,8.925349724647,9.029951048385,9.042812746474,8.80740134692,9.002497965879,8.887771701151,8.83227098066,8.907382326123,8.936569061191,8.923674168223,8.764961485038,8.756240473616,8.871936954596,8.981322579781,8.864727776694,9.035216883091
2025-08-07 01:10:32,8.96295556667,8.918725304072,8.891453012564,8.785348784082,9.038842206582,8.946987360955,9.013945194723,8.820617597749,8.852100829855,8.816201708107,8.87583277767,9.036679222148,8.837856520417,8.988027178775,8.803092052637,8.989165995531
2025-08-07 01:23:46,9.009377215789,8.962792813668,8.98829838961,8.972701163823,8.844390256332,9.011510757953,9.016039975697,8.899519701616,8.925365244607,8.868110887018,8.917984021002,8.865948520725,9.042823359406,8.92291912167,8.832430169314,8.969041889074
2025-08-07 09:39:58,8.784788167255,8.939523513676,9.023197232684,9.040183293917,8.802621269425,8.903652770022,8.791286572466,9.041971919098,8.907553750923,9.020195211805,8.824998531886,8.939011690687,8.945292123503,8.89655321632,8.951358284548,8.953349237868
2025-08-07 12:40:32,8.87342544333,8.820348362453,8.828405492438,9.000314613016,9.008785180539,8.849991600455,8.797593401268,8.933796301978,8.897494423615,9.040025253337,8.966004277739,8.771377607433,8.793182396582,9.033222485452,8.773279099765,8.905642402857
2025-08-07 21:06:18,9.004710006799,8.895011863499,9.017211108596,8.837377428245,8.923821789099,9.035535094224,8.938034291012,8.96422404321,8.950022837687,9.021888006474,8.873670849666,8.907711253298,8.791654862258,8.836805155691,8.831059349682,8.766163264602
2025-08-08 01:35:19,8.836663000262,8.766375499458,8.811499223771,9.020283142132,8.990206228394,8.872607050804,9.03703593507,8.851519020901,8.948644999544,9.00638693957,8.81231547164,8.957685771509,8.988681552632,8.8802362949,8.939200743073,8.79330274229
2025-08-08 04:40:57,8.765835743107,8.900951962546,9.045833655636,8.938935270254,8.961787377116,9.000748656244,8.892169911494,8.977688947456,8.984758075166,8.910631249783,8.929273750927,8.757541231588,8.764740503608,9.03869027753,8.842751968301,8.994622191387
2025-08-08 06:45:50,8.994851431729,9.0143206488,9.02334192514,8.874944188572,8.997684476772,8.754201747187,8.993612295881,8.828341824216,8.828736994111,9.041044360908,8.979826406556,8.906914745477,8.896149461919,8.958517557839,8.96034540369,8.871174593471
2025-08-08 07:33:40,8.884931608972,9.038875992139,8.758976288325,8.839653823555,8.834112630269,8.939576440103,9.018343354377,8.81507840715,8.958455553292,9.042318597248,8.923041701117,9.037557369748,8.826231037489,8.977370473278,8.765214825029,8.796593464368
2025-08-08 10:48:17,8.908396836301,8.776718885235,8.784529239991,8.943121126729,8.90598927325,8.85376105173,8.806942895196,8.805709447336,9.005060191962,8.765218530795,8.751377944674,8.907542654354,8.810470508095,8.988287739679,8.984780256412,8.933348130434
2025-08-09 02:22:35,8.969906729724,8.979061746035,8.969298783622,8.867373551498,9.021251156585,8.974538310746,8.984872552513,8.805788211774,8.988010210681,8.910227383421,8.951089699779,9.00017723745,8.779202471407,8.875553223105,8.83885881488,8.904966772656
2025-08-09 04:23:07,8.938909576348,8.764178506115,8.841496983968,8.762983786531,8.879511685836,8.809468056333,8.956857228896,8.99951229834,9.005190533235,8.903663996322,8.903307687918,8.902882090832,8.979844689429,8.984898332042,8.899255956826,9.038889382075
2025-08-09 09:34:30,8.935417378374,8.767870445239,8.847351062148,8.844947214776,8.915834587836,8.924634895636,9.00388515647,8.92734062022,8.844523151174,8.937232105424,8.795527665604,8.84371315982,8.936339190516,8.929034474456,8.876209109265,8.91476424929
2025-08-09 14:54:35,9.018378167228,8.767458078566,8.903133117426,8.990549369074,8.840082002871,8.847594655802,8.966830909939,8.759425136936,8.879885731769,9.015339833382,8.787437515568,8.964426074478,8.96679437222,8.932697077405,9.022868180828,8.981607200216
2025-08-09 18:56:32,9.010286465081,8.891424335228,9.00147283023,8.826676597204,8.955326733949,8.966725482989,8.983311351515,8.891078999157,8.849480828716,8.987754211055,9.012437477099,8.845717921459,8.83496265028,8.911331267804,8.948992261212,8.851339500861
2025-08-10 00:31:09,8.891574696211,8.785430616246,8.759492768659,9.00475861594,8.756820359698,8.77483162615,8.757512468086,9.045778556653,8.886745161369,9.019385194791,8.858523087213,8.875343426862,8.804826442433,8.888407042849,8.768215147998,8.894261459412
2025-08-10 10:56:50,8.784210914843,8.918041498152,8.759313743989,8.982848596667,8.808994761788,8.847290767325,8.878600434111,8.946359442164,8.973109255178,9.013306576312,8.890951735016,9.02506864277,8.931661767596,9.03630005803,8.950589112021,8.926899086608
2025-08-10 12:51:10,9.003984885876,9.043104997963,8.774787030385,8.795339023241,9.028989295376,8.985574385426,8.839085240759,8.858833926638,9.036500926257,9.037510364505,8.929764622947,8.784792408618,9.024925330089,9.042398116983,8.838448235687,8.75278782426
2025-08-10 23:14:36,9.009811045612,8.985665715081,8.927528560839,8.838326282429,8.998879508144,8.936874757503,8.840409416762,8.839450821221,8.926004518553,9.020506189137,8.983147526034,9.04785184171,8.766446135814,9.044108492837,8.837997682901,9.041265549426
2025-08-10 23:45:32,8.773158667723,8.808272693667,8.792531162614,8.896378561822,8.801979174396,8.977850726873,8.993995267699,8.886855606242,9.036556213902,8.753972132643,9.049799307713,9.027616620291,8.77086276124,8.812840952603,8.961300643626,8.942382783506
2025-08-11 04:46:47,8.959602430718,8.820164028523,8.900421236667,8.89550120449,8.962143767588,8.789690873451,8.831779906118,8.960738911832,8.933911754084,8.906417630004,8.750609310571,8.888554403568,8.808008948552,8.872024953812,9.034962820129,9.029631402727
2025-08-11 04:59:49,8.947895351403,8.942680260056,8.792391408697,8.946125737373,8.912416165271,8.948782869778,8.940238375088,8.904673340084,8.802114737335,8.914449611769,8.916371825484,8.925693110328,8.947949240716,8.951905703239,8.948636935577,8.870963154609
2025-08-11 12:55:28,8.951808564086,8.914661082411,8.863212446306,8.97177958778,8.88569807046,8.767647802414,8.885698567189,8.892672790534,9.048698680221,8.922585048917,8.779066413857,8.962205385633,8.980436677102,8.875471763284,8.773984414943,8.761309372757
2025-08-11 15:08:00,9.010974046697,8.786428826019,8.784918505381,8.784317843693,9.026215800027,8.950443814541,8.791273955437,8.980007152308,8.923835264769,8.955470530753,9.01306437687,9.016075775666,8.900800214731,8.902300317566,8.795660153221,9.03276169038
2025-08-11 16:12:26,8.968586420092,8.930553559392,8.997041717928,8.851780951212,8.894135808849,9.01783907122,8.98280895478,8.790639654391,8.842774911472,8.925403160406,8.868517935899,9.048449176536,8.923231968095,8.924123286437,8.969197315861,8.891596460613
2025-08-12 01:52:17,8.94669289593,8.763790546747,8.976413720019,9.047142334163,8.877133449065,8.947963664275,8.975741899405,8.982454006211,9.043169736842,8.985039454375,8.851567771567,9.007221076423,8.942885046688,8.826711285045,8.870804561533,9.038363924964
2025-08-12 13:55:21,9.023833653962,9.033792149604,8.967064630311,8.998005167208,8.912888269038,8.889161599453,8.97166767365,9.031506037991,8.97875279661,8.784056946142,8.838983507662,8.862169567052,8.98496740436,8.953217744078,8.897447553132,8.783345739642
2025-08-12 14:21:00,8.763064094746,8.923849355817,8.850354511383,8.754218419584,8.939543345396,8.936731330446,8.98710759748,9.008853813983,9.031340756801,8.95117141277,8.932085880252,8.820630866763,8.893848030996,8.784698286835,9.045517155282,9.023885042917
2025-08-12 15:46:38,8.826623594221,8.973318491655,8.948037828587,9.02293024086,8.981932773825,8.76328324032,9.030682194461,8.771239094128,8.751013779898,8.856258421383,8.776332162358,8.89636342131,8.968360817356,8.96614561495,8.847005789643,8.825851769985
2025-08-12 20:06:37,8.958699159522,9.035622269883,8.914338256065,8.842417365082,8.799508812521,8.920282276152,9.028323394607,8.905325802331,8.959238011332,9.018884259685,8.761441042076,8.836436423974,9.048683086487,8.878000914691,9.00483472972,8.757114938417
2025-08-13 00:04:39,8.938129631515,9.041242040404,8.777367732242,8.866102946116,8.850356791949,9.014239659795,8.817068925863,9.045053723721,8.835398259386,8.845474931211,9.041702956548,8.951725956551,8.860104275887,8.858783939006,8.942354167142,8.792688930119
2025-08-13 01:35:01,8.845997686041,8.828574066637,8.813516350277,8.914737506093,9.009507263597,9.010508272182,9.025373670801,8.859871985791,8.779760016438,8.76226159658,8.804669338872,8.859308961886,9.048140001008,8.973163210777,8.857030546082,8.843787688973
2025-08-13 12:39:02,8.884091745805,8.839463362105,8.872069884429,8.759682368351,8.901518647095,8.866876657776,8.965788006739,8.750897309131,8.925715845182,8.783803190268,8.940360416692,8.844366606662,8.809358552706,9.025885891448,8.96187746871,8.780274324508
2025-08-13 15:21:44,8.877145223347,8.798197559444,8.91556455802,8.897562559056,9.004219497898,8.879681002887,8.980062855689,8.752730815216,8.981107156773,8.870745481197,9.010069955384,8.948256925742,8.916967286709,8.990124467306,8.843877727005,8.804758193572
2025-08-13 16:32:55,8.964583067176,8.818481629162,8.773457683269,8.97446010064,8.898585597703,8.820618098825,8.803399710938,8.778380517049,8.903695800067,8.806131141834,9.017938644139,8.869806118254,8.968249314687,8.750430374771,9.014096402109,8.886934200921
2025-08-14 05:25:22,8.761122940673,8.965951234547,8.799322056297,8.973775923658,8.8630145804,8.831957873545,8.985937444893,8.932435262314,8.862158046163,8.799727145175,8.971008367425,8.807600952812,8.81574279295,8.985705941463,8.773647688423,8.836290029566
2025-08-14 08:35:07,9.032269677926,8.888360180801,9.014273930286,8.860784555496,8.897937593163,8.819007357811,8.793712986818,8.982181737973,9.021242745213,9.032727310772,8.903024485482,8.871534377258,8.93039405517,8.923700870874,8.927993024815,8.800699866373
2025-08-14 12:56:04,8.823715617142,8.829761928478,8.905774130592,8.898039950499,8.793489451101,8.761357461077,8.998521436568,8.985674816546,8.868277906769,8.781316117334,8.769448771898,8.766380185148,8.929426919335,8.942845607317,8.837579805746,8.78829198367
2025-08-14 15:33:02,9.036862373285,8.920724320199,8.807951669968,8.751138958442,8.797770430824,9.000399108162,8.954679363648,8.874175757512,9.039817890307,9.006148323705,8.80076714864,8.984746831955,8.816923155847,8.768658909554,8.953592076839,9.03405238852
2025-08-14 16:09:09,8.775893819663,8.936180924954,8.997881638413,8.805068450067,8.812001346315,8.943868545425,8.938887337874,8.898768162089,8.781466942353,9.042697271553,8.78642370424,8.934580895956,8.878257156959,8.98648866972,8.964075423138,8.815432475783
2025-08-15 05:31:59,8.966630479775,8.91959261944,8.916354347211,9.04332577023,9.030517325267,8.88236737038,8.818334651723,8.819223132742,8.961897050752,9.035937163827,8.994927068393,9.030615142033,8.775766978249,9.041366707954,8.973453728126,8.80024498064
2025-08-15 11:37:56,9.042362757278,8.898702441181,8.823989542408,8.932304492238,8.835599195632,8.848276312307,8.885663241643,8.926806311271,8.758345768296,8.843491222984,8.831024209723,8.868082037122,8.783955216648,8.873484037315,8.761973334553,8.988324499982
2025-08-15 15:23:51,8.845455278057,8.894934749245,8.83340293885,8.966648558249,8.885659683675,8.892118774605,8.762190710507,8.9366258614,8.81395155416,9.038892640854,9.04127951285,8.804015828453,8.764336997603,8.934621270463,9.005223164237,8.854143912894
2025-08-15 17:53:44,8.872052893448,9.010937889392,8.977727387711,8.996339745085,8.995274010664,8.904520887515,8.90141306401,8.912366528225,8.880729991842,8.798446800119,9.04020441221,8.868449589527,9.002779636463,8.99636771794,8.794927967101,8.757442200878
2025-08-15 23:25:30,8.856276316038,8.758580732006,8.824792149992,8.879491260586,9.031736161421,8.932164796761,8.84347000939,8.85814628711,8.899591982774,8.832884968543,8.939285667286,8.849212231201,8.943392691962,8.916941098558,9.033933835116,8.839782943151
2025-08-16 03:37:26,8.878856144378,9.049286073233,9.010947124345,8.758445410932,9.047028485878,9.017238894973,8.919093285039,8.935871563393,8.953035339983,8.962326376221,8.776364396043,8.912202188586,8.975826253753,8.88647247297,8.879975288669,8.765254858165
2025-08-16 09:50:33,9.020603721854,8.990575907981,8.894037132565,9.004691323864,8.766533149914,8.906962791519,8.79966469037,8.904259825734,8.816025283357,8.969502282152,8.958330574398,9.019862348384,8.897518577945,8.78643349641,8.877636078631,8.870403602228
2025-08-16 12:27:50,8.87430866286,8.99050632847,8.899652297873,8.817202989182,8.819387076694,8.995558436759,8.914743597131,8.846279395305,8.87018036144,8.816833238559,8.807424005223,8.873496427795,8.962318104287,8.841015856283,8.849812410272,9.004706756002
2025-08-16 14:59:43,8.829075211209,8.979348014328,8.86276876195,8.819929245623,8.826184168571,8.953050753361,8.915902151115,8.801312547014,8.854167466437,8.885849856123,8.786323441981,8.929156059023,8.845504373866,8.843773286497,9.002779097096,8.843987846477
2025-08-16 17:05:54,8.779013231302,8.82396379716,8.81943163342,8.834712231564,8.983093535363,9.03036692189,9.035616322002,8.863497390831,9.014874708435,8.941425232362,9.048115541902,8.851521704536,8.855271612296,8.816292737006,8.966039165491,8.777795894199
2025-08-17 08:45:26,8.825249789306,8.952874785079,9.007871610956,8.972505491288,8.870267441769,8.895044939258,9.004594771419,8.941753024638,8.805524157204,9.00110247675,8.917693504135,8.999737025586,8.899785279825,8.838120732805,8.760621871759,8.962247505224
2025-08-17 11:22:53,8.823605002097,8.787197493613,8.906712215891,8.984030830554,8.83790495809,8.840954556723,8.833068845927,8.835748666275,8.991496478306,9.001137110661,9.030061232783,8.889311196433,8.830020264807,8.984624008589,8.857469457243,9.021518672519
2025-08-17 15:43:10,8.931638228275,8.856275871084,8.754109232562,8.850350135264,8.752666552531,8.957736616173,8.842030542929,8.802551255657,8.861785499798,8.813552651069,8.81426322456,8.939949874943,8.959940053366,8.846784812584,8.985344927631,8.919057665634
2025-08-17 19:08:03,8.880604220734,8.805780469391,8.881432256885,8.771390371091,9.006230021419,8.852698621229,8.839672172022,8.797725797227,8.990935559577,8.893816521144,8.800466540508,8.826239545347,8.762893241126,8.943488199475,8.760904445789,8.944773270562
2025-08-17 22:46:36,8.859049467719,8.790051723291,9.020074587356,8.983694142245,8.859040726846,9.007059141228,8.91751990967,8.951586036444,8.973202052026,8.984328574411,8.945374967021,8.952122372267,9.02074887201,8.764343069977,8.821847994203,8.9235238672
